{"losses_distributed": [[1, 1.2872624461436126], [2, 0.7947583784513212], [3, 0.6619656494306762], [4, 0.6255092320566941], [5, 0.5814826112880832], [6, 0.5815009802944867], [7, 0.5504384315466767], [8, 0.6383019644380024], [9, 0.5110137994628265], [10, 0.6040311001032023], [11, 0.5072499112686415], [12, 0.5228723398419327], [13, 0.5230024894664539], [14, 0.5624269559354987], [15, 0.6566700969031977], [16, 0.5639791792977267], [17, 0.7228678120138009], [18, 0.5205831417518586], [19, 0.5576699161260394], [20, 0.56629156360455], [21, 0.6439676788497207], [22, 0.5660092187759073], [23, 0.5260595671983398], [24, 0.7846434088058396], [25, 0.9657268558384369], [26, 0.6082635698944769], [27, 0.6535515631152959], [28, 0.6770405160291268], [29, 0.6712296410425498], [30, 0.7353443581094784], [31, 0.6201377557429991], [32, 0.7731076488691122], [33, 0.6523091835220048], [34, 0.6456562000036855], [35, 0.586281346902841], [36, 0.8558021492509358], [37, 0.6683898023503091], [38, 0.772326337017934], [39, 1.1458978295564592], [40, 0.7113995295355322], [41, 0.8010967003323878], [42, 0.7853349199158385], [43, 0.8838601734780633], [44, 1.4618075160615536], [45, 0.7403044910080521], [46, 0.8896304148937636], [47, 0.8205544579965636], [48, 0.9752115035200084], [49, 0.7874060101750631], [50, 1.0229540051077541]], "metrics_distributed_fit": {"accuracy": [[1, 0.3984947340293192], [2, 0.566899478199177], [3, 0.6488449937171067], [4, 0.6820078842777164], [5, 0.696701284311115], [6, 0.7215859349554656], [7, 0.7303451416102011], [8, 0.7425539298063378], [9, 0.7547704337377935], [10, 0.7621105055943331], [11, 0.7719155335022272], [12, 0.7713457526125247], [13, 0.7784656173555892], [14, 0.7909714154800711], [15, 0.7945517660453661], [16, 0.7969509027602685], [17, 0.7978846884801791], [18, 0.8037488881750623], [19, 0.8042677852209202], [20, 0.8077990779276305], [21, 0.8097935589175613], [22, 0.8144694612130363], [23, 0.8146106386201952], [24, 0.8158711406473594], [25, 0.8156646725362446], [26, 0.8167002052491593], [27, 0.8211860494687924], [28, 0.820300577285208], [29, 0.8212439906979088], [30, 0.8210729914257306], [31, 0.8246187745239654], [32, 0.8238147735399343], [33, 0.8239251428407958], [34, 0.8242663803419094], [35, 0.8245913629214545], [36, 0.8275017710136152], [37, 0.822323152985452], [38, 0.8259844555284974], [39, 0.8253934950110937], [40, 0.8257623687699622], [41, 0.8263920679854833], [42, 0.8279215253028687], [43, 0.8259556880137039], [44, 0.8242291205923482], [45, 0.8241686942520594], [46, 0.8268578990842699], [47, 0.8285753982274026], [48, 0.8260464835777404], [49, 0.825266744821451], [50, 0.8254600881100581]], "loss": [[1, 1.7764460566446107], [2, 1.253380380002243], [3, 1.0141985069180337], [4, 0.9206959672831052], [5, 0.8725738020352741], [6, 0.8121237017455781], [7, 0.7867488953799558], [8, 0.7561844969165458], [9, 0.7213873450276739], [10, 0.7046368151744646], [11, 0.6868766097615275], [12, 0.6752003014880843], [13, 0.666327433904111], [14, 0.6352385386679427], [15, 0.6287599448698541], [16, 0.6144407001790253], [17, 0.6164397550026217], [18, 0.5980268868316708], [19, 0.5968999404411927], [20, 0.5905758874144953], [21, 0.58571623508991], [22, 0.5746567444404523], [23, 0.5743935233137502], [24, 0.5713217932816388], [25, 0.5713167742650469], [26, 0.5717890245002869], [27, 0.5562865114364711], [28, 0.559054344040108], [29, 0.5533710570655389], [30, 0.5588723016915883], [31, 0.5533527733567757], [32, 0.5490706236771408], [33, 0.5535046727223575], [34, 0.554289611206895], [35, 0.5568205475947405], [36, 0.5528935012790502], [37, 0.5605207516147909], [38, 0.5471932477004114], [39, 0.5528077782643777], [40, 0.5533736536519471], [41, 0.555142173661149], [42, 0.5500331269857213], [43, 0.5531017138907941], [44, 0.5656010848130272], [45, 0.5556926547897557], [46, 0.5574296485931514], [47, 0.5578575841120015], [48, 0.5572307888948957], [49, 0.5551840757319491], [50, 0.5619681538359996]], "round": [[1, 1], [2, 2], [3, 3], [4, 4], [5, 5], [6, 6], [7, 7], [8, 8], [9, 9], [10, 10], [11, 11], [12, 12], [13, 13], [14, 14], [15, 15], [16, 16], [17, 17], [18, 18], [19, 19], [20, 20], [21, 21], [22, 22], [23, 23], [24, 24], [25, 25], [26, 26], [27, 27], [28, 28], [29, 29], [30, 30], [31, 31], [32, 32], [33, 33], [34, 34], [35, 35], [36, 36], [37, 37], [38, 38], [39, 39], [40, 40], [41, 41], [42, 42], [43, 43], [44, 44], [45, 45], [46, 46], [47, 47], [48, 48], [49, 49], [50, 50]]}, "metrics_distributed": {"accuracy": [[1, 0.6058660582942513], [2, 0.7232166560771387], [3, 0.7635065205925455], [4, 0.7642671063566078], [5, 0.7817888701172777], [6, 0.7741527243576785], [7, 0.7984054791846261], [8, 0.7612824835355596], [9, 0.810746022945074], [10, 0.7804801193199161], [11, 0.8125351071477033], [12, 0.8110504980972717], [13, 0.8099435443260441], [14, 0.8006047181652731], [15, 0.7639575421224563], [16, 0.8041884769635791], [17, 0.7599607174816906], [18, 0.8171106212593686], [19, 0.8082132922482825], [20, 0.805066690575648], [21, 0.7844216055414575], [22, 0.8025018828934533], [23, 0.8197490931116704], [24, 0.7576796304765935], [25, 0.7268754077984618], [26, 0.8108882445450657], [27, 0.7933380718400395], [28, 0.7919866693796014], [29, 0.7909479030841208], [30, 0.7901494656698478], [31, 0.8048207408438965], [32, 0.7769701756154148], [33, 0.8106250227056429], [34, 0.8033548702669421], [35, 0.8230194647489858], [36, 0.7715515102506694], [37, 0.8061499966246467], [38, 0.7884016865343522], [39, 0.7416389063142829], [40, 0.7998257737667724], [41, 0.7926261627685461], [42, 0.7985575384366553], [43, 0.7831698118940595], [44, 0.7200822342108434], [45, 0.8040254193773884], [46, 0.7914961642670182], [47, 0.8017437750111208], [48, 0.7839003258484889], [49, 0.8138391307938431], [50, 0.7733406332185055]], "round": [[1, 1], [2, 2], [3, 3], [4, 4], [5, 5], [6, 6], [7, 7], [8, 8], [9, 9], [10, 10], [11, 11], [12, 12], [13, 13], [14, 14], [15, 15], [16, 16], [17, 17], [18, 18], [19, 19], [20, 20], [21, 21], [22, 22], [23, 23], [24, 24], [25, 25], [26, 26], [27, 27], [28, 28], [29, 29], [30, 30], [31, 31], [32, 32], [33, 33], [34, 34], [35, 35], [36, 36], [37, 37], [38, 38], [39, 39], [40, 40], [41, 41], [42, 42], [43, 43], [44, 44], [45, 45], [46, 46], [47, 47], [48, 48], [49, 49], [50, 50]]}}