{"losses_distributed": [[1, 1.331706384346007], [2, 0.8105402242180944], [3, 0.6661357390108897], [4, 0.5971295037071357], [5, 0.5533599906947765], [6, 0.5226965862458461], [7, 0.49306558963806146], [8, 0.4787194826479188], [9, 0.44942517976487545], [10, 0.42908652408723086], [11, 0.4212288234662505], [12, 0.39468220534011206], [13, 0.39593572214048406], [14, 0.384818199467363], [15, 0.3659789608854319], [16, 0.36170029438089196], [17, 0.3570938627640228], [18, 0.3487728244908937], [19, 0.3436577413083712], [20, 0.3378294584707033], [21, 0.3325196458659132], [22, 0.3267702512032765], [23, 0.3301741019428884], [24, 0.3246260671196287], [25, 0.3112989645207672], [26, 0.3119923405763279], [27, 0.30638900159607624], [28, 0.31108321797834837], [29, 0.30526853061602294], [30, 0.30955681105727884], [31, 0.2987910143004987], [32, 0.3203178416398489], [33, 0.29965490384701937], [34, 0.2978993749929887], [35, 0.29560778848128566], [36, 0.29934268258620644], [37, 0.30370502233117913], [38, 0.2914832934239383], [39, 0.28526354841264123], [40, 0.28919099758816075], [41, 0.27983931203186635], [42, 0.2807273431950725], [43, 0.28480193059757075], [44, 0.27201159233740246], [45, 0.2741922645194227], [46, 0.2771573186188869], [47, 0.279338851770957], [48, 0.27472424899936865], [49, 0.27109624594040316], [50, 0.2727404899419094]], "metrics_distributed_fit": {"accuracy": [[1, 0.3993705836520432], [2, 0.5749188157850167], [3, 0.6568844065746073], [4, 0.6944586001696538], [5, 0.7191214834411892], [6, 0.7401911242775174], [7, 0.7580102023557382], [8, 0.7716865579660993], [9, 0.7860242300430927], [10, 0.7958015708364075], [11, 0.8072587324012852], [12, 0.8136685986478007], [13, 0.8201403517052992], [14, 0.8263343554155274], [15, 0.8330071660794159], [16, 0.8371113700696584], [17, 0.8399476700041237], [18, 0.8451868166744261], [19, 0.8486762473906927], [20, 0.8520465937897846], [21, 0.8529750511113553], [22, 0.8589847290540055], [23, 0.862060393878329], [24, 0.8633172478879597], [25, 0.8645962098751931], [26, 0.8691312365913966], [27, 0.8717740848767805], [28, 0.8728973633011833], [29, 0.8770645352805589], [30, 0.8775790566908895], [31, 0.8780065977780177], [32, 0.8787299003712512], [33, 0.8835893015045162], [34, 0.8850328991053316], [35, 0.8850940746327755], [36, 0.888422942244085], [37, 0.8875586713447057], [38, 0.8905301177908361], [39, 0.8903952882677262], [40, 0.8935020059480416], [41, 0.8932132127448792], [42, 0.8960308003630326], [43, 0.8970383520025245], [44, 0.8988765747310283], [45, 0.8989108188628168], [46, 0.90231826716394], [47, 0.9016589220943715], [48, 0.9034663509548257], [49, 0.9046380196421397], [50, 0.9039365542648664]], "loss": [[1, 1.7764602919428], [2, 1.2369304734799598], [3, 1.0018181229134409], [4, 0.884555702436226], [5, 0.8139513286977988], [6, 0.7567933400990694], [7, 0.7093468556384979], [8, 0.6707667188224109], [9, 0.6353394881830633], [10, 0.6065408777435206], [11, 0.5810738362295507], [12, 0.5571248908982909], [13, 0.538340606383872], [14, 0.5250203442443635], [15, 0.5086811155526704], [16, 0.490809702987668], [17, 0.4841424803421804], [18, 0.4691078909840386], [19, 0.4581983292775275], [20, 0.44986027210149554], [21, 0.4438570997637304], [22, 0.431279089165562], [23, 0.4212970024594941], [24, 0.41645382226563743], [25, 0.41132514152941385], [26, 0.4046346255305308], [27, 0.39566790667713503], [28, 0.3880961027183702], [29, 0.37644590431118946], [30, 0.3762122620079268], [31, 0.37118165288762167], [32, 0.3679353198639911], [33, 0.35932130744716406], [34, 0.35533855972013756], [35, 0.3514065797646368], [36, 0.3443516321972381], [37, 0.3432513240475354], [38, 0.33611014721590804], [39, 0.33126937738386114], [40, 0.3267758164959828], [41, 0.3263339700970268], [42, 0.32199244111043807], [43, 0.31440471124256286], [44, 0.3148781152013199], [45, 0.310480012995528], [46, 0.3059037879675898], [47, 0.3036719862443603], [48, 0.30006099811600023], [49, 0.294924135454263], [50, 0.2917591760565489]], "round": [[1, 1], [2, 2], [3, 3], [4, 4], [5, 5], [6, 6], [7, 7], [8, 8], [9, 9], [10, 10], [11, 11], [12, 12], [13, 13], [14, 14], [15, 15], [16, 16], [17, 17], [18, 18], [19, 19], [20, 20], [21, 21], [22, 22], [23, 23], [24, 24], [25, 25], [26, 26], [27, 27], [28, 28], [29, 29], [30, 30], [31, 31], [32, 32], [33, 33], [34, 34], [35, 35], [36, 36], [37, 37], [38, 38], [39, 39], [40, 40], [41, 41], [42, 42], [43, 43], [44, 44], [45, 45], [46, 46], [47, 47], [48, 48], [49, 49], [50, 50]]}, "metrics_distributed": {"accuracy": [[1, 0.6878330587385189], [2, 0.7432963394552025], [3, 0.775899116422662], [4, 0.7834162437115321], [5, 0.8003772861428186], [6, 0.8090039507478934], [7, 0.8278846083350748], [8, 0.8305071979428094], [9, 0.8435776527711486], [10, 0.8480379847306043], [11, 0.8538223189643451], [12, 0.8614695550814886], [13, 0.8629295290154939], [14, 0.8645095073517431], [15, 0.8750909235416415], [16, 0.8738311074286704], [17, 0.876643140505507], [18, 0.8795470736098961], [19, 0.881141349859802], [20, 0.8816249544171795], [21, 0.8846332436043189], [22, 0.8888180300925708], [23, 0.886129684738612], [24, 0.8872113343345569], [25, 0.893311714280229], [26, 0.8922820842468722], [27, 0.893959584626035], [28, 0.8917437325030038], [29, 0.8950415954166058], [30, 0.8904126728582046], [31, 0.8972938598336977], [32, 0.8853462229154128], [33, 0.8954516745090629], [34, 0.899038694912462], [35, 0.8963373144048774], [36, 0.8968927279655491], [37, 0.8947213646552707], [38, 0.8978133318624053], [39, 0.900071632270226], [40, 0.8988010561379071], [41, 0.9015650803224993], [42, 0.902400075559432], [43, 0.9004465113805231], [44, 0.9039225827477452], [45, 0.9051893135924647], [46, 0.9032298463154482], [47, 0.9019025572473971], [48, 0.904345758349405], [49, 0.9038534735730751], [50, 0.9039649905028376]], "round": [[1, 1], [2, 2], [3, 3], [4, 4], [5, 5], [6, 6], [7, 7], [8, 8], [9, 9], [10, 10], [11, 11], [12, 12], [13, 13], [14, 14], [15, 15], [16, 16], [17, 17], [18, 18], [19, 19], [20, 20], [21, 21], [22, 22], [23, 23], [24, 24], [25, 25], [26, 26], [27, 27], [28, 28], [29, 29], [30, 30], [31, 31], [32, 32], [33, 33], [34, 34], [35, 35], [36, 36], [37, 37], [38, 38], [39, 39], [40, 40], [41, 41], [42, 42], [43, 43], [44, 44], [45, 45], [46, 46], [47, 47], [48, 48], [49, 49], [50, 50]]}}