{"losses_distributed": [[1, 1.3775376680889593], [2, 0.7366169371512762], [3, 0.5929824750558887], [4, 0.517319504058647], [5, 0.4729638444666305], [6, 0.43684444335680017], [7, 0.4130915770284218], [8, 0.38898579855236914], [9, 0.37251110496083245], [10, 0.360006584583849], [11, 0.34471142630538754], [12, 0.34097875633097935], [13, 0.3223129270790081], [14, 0.33418477028335225], [15, 0.3239584738057838], [16, 0.3132393190284067], [17, 0.30588153121457307], [18, 0.2970773499236827], [19, 0.2902183493810946], [20, 0.2919114759748616], [21, 0.2860049964032722], [22, 0.28226533699352435], [23, 0.2817036505628431], [24, 0.28030260399316637], [25, 0.2761760973500355], [26, 0.26794048240957596], [27, 0.27045034277179925], [28, 0.2672426924357729], [29, 0.26938104017034686], [30, 0.2676849913277832], [31, 0.2634462967629196], [32, 0.2700732316820572], [33, 0.26666133887929266], [34, 0.26782562613973854], [35, 0.25270534062591127], [36, 0.25350161986807235], [37, 0.27472289003771927], [38, 0.25078235838719903], [39, 0.25569845764081267], [40, 0.2391254842772916], [41, 0.24537136215159233], [42, 0.24771273756441337], [43, 0.2512098707926547], [44, 0.2469578535233645], [45, 0.24819999308595656], [46, 0.23861232481248892], [47, 0.2398004066726638], [48, 0.24900960085571547], [49, 0.2561097571111766], [50, 0.24238377176684484]], "metrics_distributed_fit": {"accuracy": [[1, 0.4979345925835245], [2, 0.716752489260943], [3, 0.7807298873046762], [4, 0.8091280132358456], [5, 0.8297050013533273], [6, 0.8412547671310706], [7, 0.8542794407473107], [8, 0.8595300506239157], [9, 0.8667837172867314], [10, 0.8727770686729552], [11, 0.8780183935108654], [12, 0.8836270440371203], [13, 0.8886733915810392], [14, 0.889910436486337], [15, 0.892341748579551], [16, 0.8960752822615206], [17, 0.899505007517635], [18, 0.9007209474449998], [19, 0.9031158013230618], [20, 0.905281928399767], [21, 0.9077647957767285], [22, 0.9069562866826736], [23, 0.9120082004419705], [24, 0.9140865837052553], [25, 0.9122818678807143], [26, 0.9121120733396412], [27, 0.9168471345984595], [28, 0.9179733203872971], [29, 0.9183145845836744], [30, 0.9209640530248067], [31, 0.9195571847136609], [32, 0.9210268931304227], [33, 0.9218153226844292], [34, 0.9245851141821915], [35, 0.923868691250324], [36, 0.9267117870057495], [37, 0.9265149947512811], [38, 0.9263604783640013], [39, 0.9283973821504473], [40, 0.9285049557186783], [41, 0.9294620568380353], [42, 0.9313748161454871], [43, 0.9309826525784537], [44, 0.931478342093131], [45, 0.9328160542620461], [46, 0.9336244059080434], [47, 0.9342313211127167], [48, 0.9349287374049975], [49, 0.9357255571207574], [50, 0.9365079706865478]], "loss": [[1, 1.551076259267089], [2, 0.8996089617758963], [3, 0.6610761750861691], [4, 0.5676696310080109], [5, 0.5057316277473893], [6, 0.46699427937012866], [7, 0.43161751123637104], [8, 0.4128395489187355], [9, 0.39406049301779483], [10, 0.3752736963243831], [11, 0.3591429866319852], [12, 0.34612011910386525], [13, 0.33520379865049926], [14, 0.32553150190635727], [15, 0.3183316297855049], [16, 0.30949415950764986], [17, 0.30273310525175423], [18, 0.29450967638247516], [19, 0.2865828143178379], [20, 0.2818806059968054], [21, 0.2774917634044744], [22, 0.2722336251221875], [23, 0.2651207601666961], [24, 0.2587949036595943], [25, 0.26008076527096324], [26, 0.25606572854028836], [27, 0.24845798599666963], [28, 0.24626519142386485], [29, 0.24154221434567774], [30, 0.23828336566096064], [31, 0.2399011105174949], [32, 0.2346305490688533], [33, 0.22932601571471783], [34, 0.22467240748493778], [35, 0.22478114032112284], [36, 0.21999426668506267], [37, 0.2182134029280617], [38, 0.2162140853557347], [39, 0.21140683940579352], [40, 0.2117476315706622], [41, 0.20604841322424364], [42, 0.2037126231915421], [43, 0.20354798448590478], [44, 0.2011378428294131], [45, 0.1985434800962887], [46, 0.1955768641834637], [47, 0.1930363451126236], [48, 0.1918382375859288], [49, 0.1920393862708611], [50, 0.18673610038392977]], "round": [[1, 1], [2, 2], [3, 3], [4, 4], [5, 5], [6, 6], [7, 7], [8, 8], [9, 9], [10, 10], [11, 11], [12, 12], [13, 13], [14, 14], [15, 15], [16, 16], [17, 17], [18, 18], [19, 19], [20, 20], [21, 21], [22, 22], [23, 23], [24, 24], [25, 25], [26, 26], [27, 27], [28, 28], [29, 29], [30, 30], [31, 31], [32, 32], [33, 33], [34, 34], [35, 35], [36, 36], [37, 37], [38, 38], [39, 39], [40, 40], [41, 41], [42, 42], [43, 43], [44, 44], [45, 45], [46, 46], [47, 47], [48, 48], [49, 49], [50, 50]]}, "metrics_distributed": {"accuracy": [[1, 0.6945174453231175], [2, 0.7758682519152988], [3, 0.8027501338043759], [4, 0.8267280321585618], [5, 0.8415539782756782], [6, 0.8565882420682867], [7, 0.8639941154165145], [8, 0.8734174532980236], [9, 0.8798627334005424], [10, 0.8783233456733711], [11, 0.8846023107242791], [12, 0.8848753111126537], [13, 0.8950380909607467], [14, 0.8844973129799844], [15, 0.8892014877701779], [16, 0.8949713235621368], [17, 0.8970535940427873], [18, 0.8996345394676268], [19, 0.9017234708042], [20, 0.8989247881203994], [21, 0.9050949204658725], [22, 0.904751797453273], [23, 0.9060688998670055], [24, 0.904126375700171], [25, 0.9034924406022906], [26, 0.9094777886036173], [27, 0.9074515042869218], [28, 0.9074049840203113], [29, 0.9050189212242614], [30, 0.9072929080236853], [31, 0.9096129260304913], [32, 0.9121624633648328], [33, 0.9087213064709927], [34, 0.9075634109377667], [35, 0.9155866223248431], [36, 0.9148419808058564], [37, 0.907313135247057], [38, 0.9138907211682585], [39, 0.9102896733210409], [40, 0.9192096865639889], [41, 0.9164837407974661], [42, 0.9178388210656536], [43, 0.9145807459810953], [44, 0.9161141345848846], [45, 0.9155043126777593], [46, 0.921475915284128], [47, 0.9194447474031925], [48, 0.9171480667152384], [49, 0.9136076419556151], [50, 0.9185533660541412]], "round": [[1, 1], [2, 2], [3, 3], [4, 4], [5, 5], [6, 6], [7, 7], [8, 8], [9, 9], [10, 10], [11, 11], [12, 12], [13, 13], [14, 14], [15, 15], [16, 16], [17, 17], [18, 18], [19, 19], [20, 20], [21, 21], [22, 22], [23, 23], [24, 24], [25, 25], [26, 26], [27, 27], [28, 28], [29, 29], [30, 30], [31, 31], [32, 32], [33, 33], [34, 34], [35, 35], [36, 36], [37, 37], [38, 38], [39, 39], [40, 40], [41, 41], [42, 42], [43, 43], [44, 44], [45, 45], [46, 46], [47, 47], [48, 48], [49, 49], [50, 50]]}}