{"losses_distributed": [[1, 1.4218486317552985], [2, 0.9557835035579141], [3, 0.7253004923757091], [4, 0.6581387974307565], [5, 0.6031454711479614], [6, 0.6047987795805698], [7, 0.5378470479756765], [8, 0.5201715289265237], [9, 0.5106454130501427], [10, 0.4763654075239555], [11, 0.4774648028567941], [12, 0.47110310530579114], [13, 0.44185792058793183], [14, 0.43885252075841663], [15, 0.476859689660145], [16, 0.41940524633363974], [17, 0.4632076115560742], [18, 0.41577565324392896], [19, 0.3938100349279401], [20, 0.4017146859235151], [21, 0.4382573414656318], [22, 0.43258395828049073], [23, 0.4522119676044839], [24, 0.4244811841594987], [25, 0.5054895290357713], [26, 0.4430300467368673], [27, 0.45861199639702227], [28, 0.4967182035308316], [29, 0.46851252805121013], [30, 0.4660950238000728], [31, 0.46164745250056505], [32, 0.4812303630151441], [33, 0.47403409464313795], [34, 0.4645864957696665], [35, 0.4875827759596186], [36, 0.4738645921034147], [37, 0.5268425131270182], [38, 0.49634728565381325], [39, 0.5182527782871734], [40, 0.5202291608005725], [41, 0.4735079229195833], [42, 0.5493025322819733], [43, 0.5714413180983307], [44, 1.8912408859205576], [45, 0.5379886476484863], [46, 0.5483210159224052], [47, 0.5389665484572415], [48, 0.4855677292792487], [49, 0.5258641281043909], [50, 0.5615097603643575]], "metrics_distributed_fit": {"accuracy": [[1, 0.3989662665745986], [2, 0.5851018942246842], [3, 0.6755495140385246], [4, 0.7211372564386446], [5, 0.746458938764106], [6, 0.7621260468102828], [7, 0.7782257880118703], [8, 0.7900776484899731], [9, 0.801338224823882], [10, 0.8099400260625732], [11, 0.8175781882534942], [12, 0.8233334832955658], [13, 0.8312571205694479], [14, 0.8354614338866959], [15, 0.8394547457659343], [16, 0.8435853045465815], [17, 0.8453066839454267], [18, 0.8490350388078826], [19, 0.8505713553675713], [20, 0.8525986084148075], [21, 0.8539504328182886], [22, 0.8537990634120675], [23, 0.8571460250181895], [24, 0.8606943766291442], [25, 0.8590333945072487], [26, 0.8608271742947204], [27, 0.8597268124909062], [28, 0.8641963976517474], [29, 0.8634748834827166], [30, 0.86211634955805], [31, 0.8638956193744489], [32, 0.8632958898963923], [33, 0.864850169068033], [34, 0.8647067612606595], [35, 0.8635197697215219], [36, 0.8671588936166221], [37, 0.8649156602806022], [38, 0.866863442724671], [39, 0.8647458955003146], [40, 0.8651084679671117], [41, 0.8661099097933878], [42, 0.8643075998761093], [43, 0.8644014272685897], [44, 0.8642655631937288], [45, 0.8628951410835277], [46, 0.8664114448587268], [47, 0.8659665629325499], [48, 0.8645222526204741], [49, 0.8649983756529395], [50, 0.864226817818005]], "loss": [[1, 1.7781708128722045], [2, 1.1746289028321235], [3, 0.9166545732254903], [4, 0.7870647730718476], [5, 0.7095177103100895], [6, 0.662474820293096], [7, 0.6229408769794083], [8, 0.590260285955851], [9, 0.5632260859108981], [10, 0.5368689434069921], [11, 0.5218772372251886], [12, 0.5020436146508026], [13, 0.4891678499277636], [14, 0.47587999726308555], [15, 0.46858663957880464], [16, 0.4566440456582507], [17, 0.4540993886011659], [18, 0.4451736291080254], [19, 0.4399739959766876], [20, 0.4335681390065632], [21, 0.4293443886223667], [22, 0.42992358041105694], [23, 0.42077204883696584], [24, 0.41865805124157207], [25, 0.4188113903616434], [26, 0.41816547293648865], [27, 0.41681202504432385], [28, 0.41046599684837315], [29, 0.41314551224340146], [30, 0.4111710676916685], [31, 0.4108735338117876], [32, 0.4117664940526704], [33, 0.4110154804375596], [34, 0.41030933938267883], [35, 0.41817675640255925], [36, 0.4109841021993965], [37, 0.41199955906279867], [38, 0.4081159979211687], [39, 0.412600239493492], [40, 0.4158693390712189], [41, 0.41681689094552626], [42, 0.4162642715806782], [43, 0.41225470633248584], [44, 0.42380308715482673], [45, 0.4260145840743335], [46, 0.4145632482194678], [47, 0.4181006375686286], [48, 0.41541716106715904], [49, 0.4217496024263805], [50, 0.4195282179695938]], "round": [[1, 1], [2, 2], [3, 3], [4, 4], [5, 5], [6, 6], [7, 7], [8, 8], [9, 9], [10, 10], [11, 11], [12, 12], [13, 13], [14, 14], [15, 15], [16, 16], [17, 17], [18, 18], [19, 19], [20, 20], [21, 21], [22, 22], [23, 23], [24, 24], [25, 25], [26, 26], [27, 27], [28, 28], [29, 29], [30, 30], [31, 31], [32, 32], [33, 33], [34, 34], [35, 35], [36, 36], [37, 37], [38, 38], [39, 39], [40, 40], [41, 41], [42, 42], [43, 43], [44, 44], [45, 45], [46, 46], [47, 47], [48, 48], [49, 49], [50, 50]]}, "metrics_distributed": {"accuracy": [[1, 0.5050026688571728], [2, 0.6750377349415817], [3, 0.7425677211165341], [4, 0.7579230726715118], [5, 0.7757535295106754], [6, 0.7660111662389152], [7, 0.8025225150277601], [8, 0.8106344792140814], [9, 0.807187462748469], [10, 0.8219994278432639], [11, 0.8218319535635142], [12, 0.8256719192465691], [13, 0.8405436112658429], [14, 0.8415715718252219], [15, 0.8199369640250884], [16, 0.8496673197009761], [17, 0.8336841999851691], [18, 0.8554697898128939], [19, 0.8602383092091179], [20, 0.8573024604100403], [21, 0.8423117297652652], [22, 0.8502680992276062], [23, 0.8383270610704896], [24, 0.8545019711595161], [25, 0.8269083872336749], [26, 0.8558832722279346], [27, 0.8462959056111824], [28, 0.8433629473489385], [29, 0.8484639487436215], [30, 0.8531309172176943], [31, 0.8516228033148305], [32, 0.8526003370649992], [33, 0.854576927817621], [34, 0.8559584419791367], [35, 0.850999670863375], [36, 0.8521061447393912], [37, 0.8418438078834987], [38, 0.8536356310905348], [39, 0.8521934673701546], [40, 0.8536661053284345], [41, 0.8593530769207918], [42, 0.8435799613468784], [43, 0.8450875294901887], [44, 0.6834841494794361], [45, 0.850492506520529], [46, 0.8513259557281042], [47, 0.8547611049047349], [48, 0.8629691523000176], [49, 0.8575395208123598], [50, 0.8569674662918357]], "round": [[1, 1], [2, 2], [3, 3], [4, 4], [5, 5], [6, 6], [7, 7], [8, 8], [9, 9], [10, 10], [11, 11], [12, 12], [13, 13], [14, 14], [15, 15], [16, 16], [17, 17], [18, 18], [19, 19], [20, 20], [21, 21], [22, 22], [23, 23], [24, 24], [25, 25], [26, 26], [27, 27], [28, 28], [29, 29], [30, 30], [31, 31], [32, 32], [33, 33], [34, 34], [35, 35], [36, 36], [37, 37], [38, 38], [39, 39], [40, 40], [41, 41], [42, 42], [43, 43], [44, 44], [45, 45], [46, 46], [47, 47], [48, 48], [49, 49], [50, 50]]}}