{"losses_distributed": [[1, 1887.6515622010274], [2, 321166.8987134497], [3, NaN], [4, NaN], [5, NaN], [6, NaN], [7, NaN], [8, NaN], [9, NaN], [10, NaN], [11, NaN], [12, NaN], [13, NaN], [14, NaN], [15, NaN], [16, NaN], [17, NaN], [18, NaN], [19, NaN], [20, NaN], [21, NaN], [22, NaN], [23, NaN], [24, NaN], [25, NaN], [26, NaN], [27, NaN], [28, NaN], [29, NaN], [30, NaN], [31, NaN], [32, NaN], [33, NaN], [34, NaN], [35, NaN], [36, NaN], [37, NaN], [38, NaN], [39, NaN], [40, NaN], [41, NaN], [42, NaN], [43, NaN], [44, NaN], [45, NaN], [46, NaN], [47, NaN], [48, NaN], [49, NaN], [50, NaN]], "metrics_distributed_fit": {"accuracy": [[1, 0.49769135570388856], [2, 0.536465916608735], [3, 0.18091806195371204], [4, 0.09043491156005498], [5, 0.09043491156005498], [6, 0.09043491156005498], [7, 0.09043491156005498], [8, 0.09043491156005498], [9, 0.09043491156005498], [10, 0.09043491156005498], [11, 0.09043491156005498], [12, 0.09043491156005498], [13, 0.09043491156005498], [14, 0.09043491156005498], [15, 0.09043491156005498], [16, 0.09043491156005498], [17, 0.09043491156005497], [18, 0.09043491156005497], [19, 0.09043491156005498], [20, 0.09043491156005498], [21, 0.09043491156005498], [22, 0.09043491156005498], [23, 0.09043491156005498], [24, 0.09043491156005498], [25, 0.09043491156005498], [26, 0.09043491156005498], [27, 0.09043491156005498], [28, 0.09043491156005498], [29, 0.09043491156005498], [30, 0.09043491156005498], [31, 0.09043491156005498], [32, 0.09043491156005498], [33, 0.09043491156005497], [34, 0.09043491156005498], [35, 0.09043491156005498], [36, 0.09043491156005498], [37, 0.09043491156005497], [38, 0.09043491156005498], [39, 0.09043491156005498], [40, 0.09043491156005498], [41, 0.09043491156005498], [42, 0.09043491156005498], [43, 0.09043491156005498], [44, 0.09043491156005498], [45, 0.09043491156005498], [46, 0.09043491156005498], [47, 0.09043491156005498], [48, 0.09043491156005498], [49, 0.09043491156005498], [50, 0.09043491156005498]], "loss": [[1, 1.550723268870899], [2, 1.672599036313731], [3, NaN], [4, NaN], [5, NaN], [6, NaN], [7, NaN], [8, NaN], [9, NaN], [10, NaN], [11, NaN], [12, NaN], [13, NaN], [14, NaN], [15, NaN], [16, NaN], [17, NaN], [18, NaN], [19, NaN], [20, NaN], [21, NaN], [22, NaN], [23, NaN], [24, NaN], [25, NaN], [26, NaN], [27, NaN], [28, NaN], [29, NaN], [30, NaN], [31, NaN], [32, NaN], [33, NaN], [34, NaN], [35, NaN], [36, NaN], [37, NaN], [38, NaN], [39, NaN], [40, NaN], [41, NaN], [42, NaN], [43, NaN], [44, NaN], [45, NaN], [46, NaN], [47, NaN], [48, NaN], [49, NaN], [50, NaN]], "round": [[1, 1], [2, 2], [3, 3], [4, 4], [5, 5], [6, 6], [7, 7], [8, 8], [9, 9], [10, 10], [11, 11], [12, 12], [13, 13], [14, 14], [15, 15], [16, 16], [17, 17], [18, 18], [19, 19], [20, 20], [21, 21], [22, 22], [23, 23], [24, 24], [25, 25], [26, 26], [27, 27], [28, 28], [29, 29], [30, 30], [31, 31], [32, 32], [33, 33], [34, 34], [35, 35], [36, 36], [37, 37], [38, 38], [39, 39], [40, 40], [41, 41], [42, 42], [43, 43], [44, 44], [45, 45], [46, 46], [47, 47], [48, 48], [49, 49], [50, 50]]}, "metrics_distributed": {"accuracy": [[1, 0.04825103275874963], [2, 0.1955782989457772], [3, 0.08717600008048956], [4, 0.08717600008048956], [5, 0.08717600008048956], [6, 0.08717600008048956], [7, 0.08717600008048956], [8, 0.08717600008048956], [9, 0.08717600008048956], [10, 0.08717600008048956], [11, 0.08717600008048956], [12, 0.08717600008048956], [13, 0.08717600008048956], [14, 0.08717600008048956], [15, 0.08717600008048956], [16, 0.08717600008048956], [17, 0.08717600008048956], [18, 0.08717600008048956], [19, 0.08717600008048956], [20, 0.08717600008048956], [21, 0.08717600008048956], [22, 0.08717600008048956], [23, 0.08717600008048956], [24, 0.08717600008048956], [25, 0.08717600008048956], [26, 0.08717600008048956], [27, 0.08717600008048956], [28, 0.08717600008048956], [29, 0.08717600008048958], [30, 0.08717600008048956], [31, 0.08717600008048956], [32, 0.08717600008048956], [33, 0.08717600008048956], [34, 0.08717600008048956], [35, 0.08717600008048958], [36, 0.08717600008048956], [37, 0.08717600008048956], [38, 0.08717600008048956], [39, 0.08717600008048956], [40, 0.08717600008048958], [41, 0.08717600008048956], [42, 0.08717600008048958], [43, 0.08717600008048956], [44, 0.08717600008048956], [45, 0.08717600008048956], [46, 0.08717600008048956], [47, 0.08717600008048958], [48, 0.08717600008048956], [49, 0.08717600008048956], [50, 0.08717600008048956]], "round": [[1, 1], [2, 2], [3, 3], [4, 4], [5, 5], [6, 6], [7, 7], [8, 8], [9, 9], [10, 10], [11, 11], [12, 12], [13, 13], [14, 14], [15, 15], [16, 16], [17, 17], [18, 18], [19, 19], [20, 20], [21, 21], [22, 22], [23, 23], [24, 24], [25, 25], [26, 26], [27, 27], [28, 28], [29, 29], [30, 30], [31, 31], [32, 32], [33, 33], [34, 34], [35, 35], [36, 36], [37, 37], [38, 38], [39, 39], [40, 40], [41, 41], [42, 42], [43, 43], [44, 44], [45, 45], [46, 46], [47, 47], [48, 48], [49, 49], [50, 50]]}}