{"losses_distributed": [[1, 2.3790636755593098], [2, 2.5048294658265244], [3, 2.892666391752752], [4, 2.1817924114554295], [5, 2.615376864541018], [6, 2.4140901416391185], [7, 2.2663908784526936], [8, 2.0281765506550378], [9, 2.0722306293274952], [10, 2.077444095833625], [11, 2.4366618409946494], [12, 2.005101225071055], [13, 2.2796876112130118], [14, 2.2327002598539427], [15, 2.4683100383943497], [16, 2.161227420424271], [17, 2.654075293928653], [18, 2.05128919696935], [19, 3.128193916240878], [20, 1.8311357067172347], [21, 1.9732726828649179], [22, 1.9823786557634366], [23, 2.2902858745293075], [24, 2.3052060853457776], [25, 3.287493414141583], [26, 1.9968495970962445], [27, 2.8813297984521413], [28, 2.1901683496141864], [29, 2.5430457781688722], [30, 2.3956064822593555], [31, 2.580723560917024], [32, 3.4439713341599503], [33, 2.235678791304661], [34, 2.595389916157174], [35, 2.2034993407151098], [36, 2.5251465967717626], [37, 1.8530831124555345], [38, 2.9516346758105523], [39, 2.2529706919801034], [40, 2.631516293778653], [41, 2.613728570385958], [42, 2.408871220493666], [43, 2.9306394300711864], [44, 3.3743843904577546], [45, 2.240493440044121], [46, 2.5273820065887955], [47, 3.306064912415631], [48, 2.9530240963673995], [49, 2.4538010645016], [50, 3.114238837547042]], "metrics_distributed_fit": {"accuracy": [[1, 0.4977893635357692], [2, 0.482479616641875], [3, 0.6699290166371562], [4, 0.6309924337847932], [5, 0.7015345922560252], [6, 0.6691535899595495], [7, 0.7024149128777983], [8, 0.6819760864339266], [9, 0.7072519877075744], [10, 0.6898891138415468], [11, 0.71985966319957], [12, 0.6983945159369336], [13, 0.7218042392333108], [14, 0.7043251160623756], [15, 0.721715701452967], [16, 0.6980004372387639], [17, 0.7281250542078224], [18, 0.7028856768650382], [19, 0.7196867883830583], [20, 0.7063804328750074], [21, 0.7234069638502054], [22, 0.7090585012626518], [23, 0.7265376333818334], [24, 0.7088099647878766], [25, 0.7306538447760395], [26, 0.7102417470725351], [27, 0.7358829436847562], [28, 0.7196625821027152], [29, 0.7399052205572786], [30, 0.7164051534019158], [31, 0.7383913544599944], [32, 0.7249413661713775], [33, 0.7401988909297923], [34, 0.7272486569432486], [35, 0.739024558804179], [36, 0.7295323989091809], [37, 0.7416324679385906], [38, 0.7273457836900061], [39, 0.7411915709974755], [40, 0.7302660368967401], [41, 0.7396031261139682], [42, 0.7329945097917995], [43, 0.7433256964888415], [44, 0.7355221232286346], [45, 0.7440664769618832], [46, 0.732873476143927], [47, 0.7425708784699422], [48, 0.7369234117846326], [49, 0.7504603331145165], [50, 0.7388899983529698]], "loss": [[1, 1.5506813088896674], [2, 1.5487877287534675], [3, 0.9834862797138569], [4, 1.0467007880039243], [5, 0.8831856662322162], [6, 0.9473958402513205], [7, 0.8610510495969796], [8, 0.9114133161874319], [9, 0.8534129778240613], [10, 0.9011350770583094], [11, 0.8276434057921541], [12, 0.8949978400150156], [13, 0.8240683608148849], [14, 0.8754607489700993], [15, 0.8294563418112227], [16, 0.899036154970467], [17, 0.8213525895893918], [18, 0.8942971523726856], [19, 0.8586962585513446], [20, 0.8931903369774871], [21, 0.8443648392536263], [22, 0.8845067694399559], [23, 0.8388673472862991], [24, 0.8806854320034685], [25, 0.8375119346310184], [26, 0.8765371273999596], [27, 0.8133605836973594], [28, 0.8635928678284692], [29, 0.8233438373673261], [30, 0.8649590078049536], [31, 0.8123056979227117], [32, 0.8513188823025397], [33, 0.806197355318736], [34, 0.849282521752798], [35, 0.8093681383582062], [36, 0.8500599477534119], [37, 0.8037324703971522], [38, 0.8441252023668933], [39, 0.8079944487105004], [40, 0.8396948932157006], [41, 0.8091945004729227], [42, 0.8351735968154277], [43, 0.802413509845197], [44, 0.8270463775079959], [45, 0.8064031906277815], [46, 0.8369088198088314], [47, 0.7982088394105894], [48, 0.8126851491630424], [49, 0.7827292261133392], [50, 0.8081261279658125]], "round": [[1, 1], [2, 2], [3, 3], [4, 4], [5, 5], [6, 6], [7, 7], [8, 8], [9, 9], [10, 10], [11, 11], [12, 12], [13, 13], [14, 14], [15, 15], [16, 16], [17, 17], [18, 18], [19, 19], [20, 20], [21, 21], [22, 22], [23, 23], [24, 24], [25, 25], [26, 26], [27, 27], [28, 28], [29, 29], [30, 30], [31, 31], [32, 32], [33, 33], [34, 34], [35, 35], [36, 36], [37, 37], [38, 38], [39, 39], [40, 40], [41, 41], [42, 42], [43, 43], [44, 44], [45, 45], [46, 46], [47, 47], [48, 48], [49, 49], [50, 50]]}, "metrics_distributed": {"accuracy": [[1, 0.13988033442892342], [2, 0.09107261296877248], [3, 0.09053673948846852], [4, 0.10474755456575884], [5, 0.11257497242732521], [6, 0.09561196744749989], [7, 0.15898747945170616], [8, 0.294733741498912], [9, 0.32723808087858147], [10, 0.2005140395482136], [11, 0.27313013214856774], [12, 0.3049906426494589], [13, 0.20198268858803373], [14, 0.306389866380037], [15, 0.1342779984777463], [16, 0.17653930962512718], [17, 0.20666567462785626], [18, 0.19441418524293913], [19, 0.2100665397633783], [20, 0.30633484966529473], [21, 0.3367651971294624], [22, 0.30115962470244445], [23, 0.20907543969552447], [24, 0.2880896840200129], [25, 0.10653334123353997], [26, 0.22277793683172945], [27, 0.2205383077614928], [28, 0.24378910808485865], [29, 0.12318977639802217], [30, 0.15312942838737928], [31, 0.15909791473393892], [32, 0.12657230223194543], [33, 0.11975572574848092], [34, 0.18044130396362915], [35, 0.17043362074819038], [36, 0.15761801532950473], [37, 0.3996925243696153], [38, 0.20862722089604985], [39, 0.30628695066101685], [40, 0.33346473022373], [41, 0.2507162249104435], [42, 0.16902679576662785], [43, 0.31775988627326074], [44, 0.2289247361679322], [45, 0.19399283206248266], [46, 0.2600874595728798], [47, 0.20436871762616465], [48, 0.15617032923168764], [49, 0.3524889788346203], [50, 0.17402212564872138]], "round": [[1, 1], [2, 2], [3, 3], [4, 4], [5, 5], [6, 6], [7, 7], [8, 8], [9, 9], [10, 10], [11, 11], [12, 12], [13, 13], [14, 14], [15, 15], [16, 16], [17, 17], [18, 18], [19, 19], [20, 20], [21, 21], [22, 22], [23, 23], [24, 24], [25, 25], [26, 26], [27, 27], [28, 28], [29, 29], [30, 30], [31, 31], [32, 32], [33, 33], [34, 34], [35, 35], [36, 36], [37, 37], [38, 38], [39, 39], [40, 40], [41, 41], [42, 42], [43, 43], [44, 44], [45, 45], [46, 46], [47, 47], [48, 48], [49, 49], [50, 50]]}}