{"losses_distributed": [[1, 1.2944567704472871], [2, 0.7977953881042694], [3, 0.6527635026135008], [4, 0.5808002601005152], [5, 0.5354221003493358], [6, 0.5024929415839002], [7, 0.4753513362177668], [8, 0.44707431643146045], [9, 0.4297120815454439], [10, 0.40606878009983016], [11, 0.39246580983205387], [12, 0.37768167765063265], [13, 0.3672769575812047], [14, 0.3558666408384759], [15, 0.34347132791839596], [16, 0.33841222569086965], [17, 0.3344245670557439], [18, 0.32445169435578924], [19, 0.3163330878112392], [20, 0.3176458299465401], [21, 0.3087900919295207], [22, 0.30505251102593306], [23, 0.3002627422404788], [24, 0.29827562785194306], [25, 0.290953011919655], [26, 0.29149735500531865], [27, 0.28358231298299585], [28, 0.2847898157188855], [29, 0.28361679598072076], [30, 0.27743344436106576], [31, 0.27256997176198117], [32, 0.29320694089536714], [33, 0.2763687959414943], [34, 0.27458791989694387], [35, 0.27046764894325537], [36, 0.2665601601804146], [37, 0.27698355967289584], [38, 0.26430917517658], [39, 0.2729474099578435], [40, 0.2650871391602976], [41, 0.2748382190317052], [42, 0.257435135269606], [43, 0.25980993207396047], [44, 0.25520184537544655], [45, 0.25230863815514754], [46, 0.2595102998015186], [47, 0.2569718209133241], [48, 0.2613506836090884], [49, 0.26122998404202935], [50, 0.2567735740423481]], "metrics_distributed_fit": {"accuracy": [[1, 0.39936394141299736], [2, 0.6173931235538687], [3, 0.7027528830441077], [4, 0.7414492957865121], [5, 0.7654289552691825], [6, 0.7819202852764282], [7, 0.7972567307934689], [8, 0.8094160245522959], [9, 0.8194627057102393], [10, 0.8287759076906948], [11, 0.8375134442128813], [12, 0.8440151114678842], [13, 0.8493624142455157], [14, 0.8552907427652355], [15, 0.8600780165360197], [16, 0.8645066494930745], [17, 0.8645068057387467], [18, 0.871347689275481], [19, 0.8719158620899817], [20, 0.8752341375566681], [21, 0.8768794623415991], [22, 0.8805398908355049], [23, 0.8826344163659593], [24, 0.8846744041095802], [25, 0.8848904486772484], [26, 0.8879188876525813], [27, 0.889228911742474], [28, 0.8923162362055684], [29, 0.8942194619146523], [30, 0.8953125361754312], [31, 0.8964295566855073], [32, 0.8959489380864871], [33, 0.899384676204348], [34, 0.8998279204324631], [35, 0.9010977262641336], [36, 0.9030650760433554], [37, 0.9010808281354798], [38, 0.9051856504996012], [39, 0.9050474310917987], [40, 0.9058682976763389], [41, 0.9074887040901297], [42, 0.9071545008139982], [43, 0.9091843924723249], [44, 0.9091560944175129], [45, 0.910367330007659], [46, 0.9114900635959844], [47, 0.9111928740311587], [48, 0.9130231602836126], [49, 0.912745511007012], [50, 0.9133398828860381]], "loss": [[1, 1.7781753913307239], [2, 1.096759632983132], [3, 0.8400388737992474], [4, 0.7228547558640431], [5, 0.6543858843935151], [6, 0.6097112806342738], [7, 0.5707457814928701], [8, 0.5389700742192408], [9, 0.5137379517556425], [10, 0.48742002821270847], [11, 0.4692182909600122], [12, 0.44995217550161754], [13, 0.4357016901548724], [14, 0.42310862812869254], [15, 0.4110061853089581], [16, 0.39701764642650533], [17, 0.39301158842347067], [18, 0.3788171855241812], [19, 0.3713136071731826], [20, 0.3636154121367124], [21, 0.35970885709598227], [22, 0.35254133018758227], [23, 0.3441014122622163], [24, 0.3373525665481588], [25, 0.3343372575241217], [26, 0.32913194127624584], [27, 0.32379536036733864], [28, 0.31645362131373067], [29, 0.31141004938326705], [30, 0.3071172898271153], [31, 0.30362653930060246], [32, 0.3020992581509212], [33, 0.295464231704484], [34, 0.2932688704027478], [35, 0.292223455146971], [36, 0.28624068058342667], [37, 0.2858237159746416], [38, 0.2790510601140733], [39, 0.2762253205631338], [40, 0.2765355885037283], [41, 0.2747259901106217], [42, 0.2724871806122344], [43, 0.2651058788047778], [44, 0.2665476267688932], [45, 0.264264348342453], [46, 0.25935301039699543], [47, 0.25994285873177014], [48, 0.2591743938630291], [49, 0.25664448265772416], [50, 0.2527106480921025]], "round": [[1, 1], [2, 2], [3, 3], [4, 4], [5, 5], [6, 6], [7, 7], [8, 8], [9, 9], [10, 10], [11, 11], [12, 12], [13, 13], [14, 14], [15, 15], [16, 16], [17, 17], [18, 18], [19, 19], [20, 20], [21, 21], [22, 22], [23, 23], [24, 24], [25, 25], [26, 26], [27, 27], [28, 28], [29, 29], [30, 30], [31, 31], [32, 32], [33, 33], [34, 34], [35, 35], [36, 36], [37, 37], [38, 38], [39, 39], [40, 40], [41, 41], [42, 42], [43, 43], [44, 44], [45, 45], [46, 46], [47, 47], [48, 48], [49, 49], [50, 50]]}, "metrics_distributed": {"accuracy": [[1, 0.6951163988498322], [2, 0.7474581968437405], [3, 0.7764564783970199], [4, 0.7875857020454489], [5, 0.8023789724596735], [6, 0.810285101233031], [7, 0.8272235576113733], [8, 0.8387155395511321], [9, 0.8457406005111888], [10, 0.8513965353791845], [11, 0.8582605092517646], [12, 0.8636312292296534], [13, 0.868270277285214], [14, 0.8714304578328171], [15, 0.8782905803754085], [16, 0.8786401155480054], [17, 0.8802691317559184], [18, 0.8839058194786059], [19, 0.8888880832035069], [20, 0.886181395832503], [21, 0.8897054207776023], [22, 0.8929915467431654], [23, 0.8930681883568525], [24, 0.893849116066925], [25, 0.8962715406709527], [26, 0.8975974298329144], [27, 0.9000808355840443], [28, 0.8991215826898138], [29, 0.8989679587558033], [30, 0.8998624255341217], [31, 0.9036951709706573], [32, 0.8950024948256639], [33, 0.9000012832945838], [34, 0.9036849075211049], [35, 0.9021978818152302], [36, 0.9063100126148026], [37, 0.9020216410053493], [38, 0.9059722971373991], [39, 0.9008158940655566], [40, 0.9055285231296228], [41, 0.9010387993443298], [42, 0.9084622756524364], [43, 0.907052876503997], [44, 0.907946271121674], [45, 0.9093131959860911], [46, 0.9070217009609751], [47, 0.9082991259217721], [48, 0.9059169779954942], [49, 0.9068069478625039], [50, 0.9076504420457301]], "round": [[1, 1], [2, 2], [3, 3], [4, 4], [5, 5], [6, 6], [7, 7], [8, 8], [9, 9], [10, 10], [11, 11], [12, 12], [13, 13], [14, 14], [15, 15], [16, 16], [17, 17], [18, 18], [19, 19], [20, 20], [21, 21], [22, 22], [23, 23], [24, 24], [25, 25], [26, 26], [27, 27], [28, 28], [29, 29], [30, 30], [31, 31], [32, 32], [33, 33], [34, 34], [35, 35], [36, 36], [37, 37], [38, 38], [39, 39], [40, 40], [41, 41], [42, 42], [43, 43], [44, 44], [45, 45], [46, 46], [47, 47], [48, 48], [49, 49], [50, 50]]}}