{"losses_distributed": [[1, 1.4513720934623224], [2, 0.9735471812186813], [3, 0.7431387312857397], [4, 0.7002911104030096], [5, 0.6400997033767141], [6, 0.6345565640250017], [7, 0.612408875212375], [8, 0.6581119090321162], [9, 0.5422601275972194], [10, 0.6611579849398613], [11, 0.5302527138941151], [12, 0.5716585803059729], [13, 0.6508341332897389], [14, 0.6771291985736632], [15, 0.7609664798378796], [16, 0.5578186713183293], [17, 0.8098306862262947], [18, 0.5550380120160807], [19, 0.667110864392402], [20, 0.6573239871311076], [21, 0.8922024687573203], [22, 0.6782185037136277], [23, 0.7624601495198425], [24, 0.7693060253507285], [25, 0.9354627779461111], [26, 0.7578475318292295], [27, 0.9031682075842772], [28, 0.9009253237879714], [29, 0.9734483900084492], [30, 0.7619223688122114], [31, 0.7564653942811035], [32, 1.0384390882866528], [33, 0.9366736500539115], [34, 0.921649098905297], [35, 0.9998791408317343], [36, 0.9085733924648578], [37, 0.9339205110250866], [38, 1.031759608142487], [39, 1.2708411008866938], [40, 1.036246513442418], [41, 1.4019546103727756], [42, 0.7816955598107995], [43, 1.3544478819815802], [44, 1.936379562951342], [45, 0.9825430542719739], [46, 1.1170335951908563], [47, 1.000415324976094], [48, 1.0999387023767353], [49, 1.1475245115568884], [50, 1.2836217396628566]], "metrics_distributed_fit": {"accuracy": [[1, 0.3981089052834689], [2, 0.4786247738176204], [3, 0.5428050414334693], [4, 0.577383998990493], [5, 0.5944206706128708], [6, 0.6136937161756674], [7, 0.6225591934509301], [8, 0.6495357447750614], [9, 0.6687440414427849], [10, 0.6705535121194012], [11, 0.6858097867507739], [12, 0.6844383394514503], [13, 0.6915261311385873], [14, 0.7120944155780615], [15, 0.7071989877163503], [16, 0.723281947106448], [17, 0.7175575302765221], [18, 0.7296831829244008], [19, 0.732128233089907], [20, 0.727903574765286], [21, 0.7412223135509245], [22, 0.7388677954806402], [23, 0.738774120951016], [24, 0.7476147888551787], [25, 0.750680606339288], [26, 0.7513083247986014], [27, 0.7541727687517079], [28, 0.7535247164498189], [29, 0.756754893645573], [30, 0.7563859299712861], [31, 0.756250498591994], [32, 0.7620522187295149], [33, 0.7645664969452414], [34, 0.7596452664154589], [35, 0.7621021912241747], [36, 0.7660228093305358], [37, 0.7616797806311318], [38, 0.7637173388356284], [39, 0.7632358078887407], [40, 0.7643092998467553], [41, 0.7660314605082144], [42, 0.7645084516843704], [43, 0.7691133394125961], [44, 0.764477244054235], [45, 0.7677255007777671], [46, 0.7669743744760011], [47, 0.7690972161994087], [48, 0.7657587693029766], [49, 0.7697927214484593], [50, 0.7688323865067344]], "loss": [[1, 1.7782615051536286], [2, 1.5095795889744932], [3, 1.356409351740711], [4, 1.2631842476010502], [5, 1.2002633364259436], [6, 1.1491165217994648], [7, 1.1302067626208618], [8, 1.0606577063874474], [9, 0.9940755980630696], [10, 0.999637469303661], [11, 0.9619736523224842], [12, 0.955376292766914], [13, 0.9498884865443381], [14, 0.8928836761632208], [15, 0.8997663220251054], [16, 0.8621862981289503], [17, 0.8769778759359322], [18, 0.848945676990488], [19, 0.8427157809813635], [20, 0.8515526034781805], [21, 0.8276683568773547], [22, 0.8205890095297553], [23, 0.8172672838893241], [24, 0.8093569290002269], [25, 0.8007070296579437], [26, 0.8000710701590602], [27, 0.78587681832595], [28, 0.790496107404085], [29, 0.7845143582232158], [30, 0.7899031005637636], [31, 0.7894306453558585], [32, 0.7665543760125886], [33, 0.7722980709528962], [34, 0.782356643760585], [35, 0.7774797575485206], [36, 0.763709288533167], [37, 0.7718991297426452], [38, 0.7663524499087458], [39, 0.7792981591238965], [40, 0.7716283318212396], [41, 0.7751950352062746], [42, 0.7738069032889834], [43, 0.7619849682787299], [44, 0.7804265943579652], [45, 0.7663114240402108], [46, 0.7708266142306046], [47, 0.769921319673037], [48, 0.7685174137580864], [49, 0.7641849246483055], [50, 0.7748835301615322]], "round": [[1, 1], [2, 2], [3, 3], [4, 4], [5, 5], [6, 6], [7, 7], [8, 8], [9, 9], [10, 10], [11, 11], [12, 12], [13, 13], [14, 14], [15, 15], [16, 16], [17, 17], [18, 18], [19, 19], [20, 20], [21, 21], [22, 22], [23, 23], [24, 24], [25, 25], [26, 26], [27, 27], [28, 28], [29, 29], [30, 30], [31, 31], [32, 32], [33, 33], [34, 34], [35, 35], [36, 36], [37, 37], [38, 38], [39, 39], [40, 40], [41, 41], [42, 42], [43, 43], [44, 44], [45, 45], [46, 46], [47, 47], [48, 48], [49, 49], [50, 50]]}, "metrics_distributed": {"accuracy": [[1, 0.5078741663675974], [2, 0.6682063001827501], [3, 0.7397038121099612], [4, 0.7493721351955431], [5, 0.7642724796734787], [6, 0.7545161101804376], [7, 0.773405476195292], [8, 0.749786517117061], [9, 0.7987701630442566], [10, 0.7568976262451999], [11, 0.8108777288995596], [12, 0.789289033920788], [13, 0.7640724252441341], [14, 0.7609227737802484], [15, 0.7375378230818839], [16, 0.8021970625696072], [17, 0.7340513438494809], [18, 0.8065344318873319], [19, 0.776496475970194], [20, 0.7867543433157925], [21, 0.7288482709368564], [22, 0.7715909082223992], [23, 0.7606478846794303], [24, 0.7494630219427506], [25, 0.7270325944013551], [26, 0.7681142003013289], [27, 0.7286233146858123], [28, 0.7477029875186677], [29, 0.7104928603476043], [30, 0.779715196866516], [31, 0.7746309438595306], [32, 0.7252195422897315], [33, 0.7439094638323005], [34, 0.737219700675626], [35, 0.7424255427293819], [36, 0.7399816992908569], [37, 0.7652961076550888], [38, 0.7328984920526453], [39, 0.7095731823013793], [40, 0.7401624481464334], [41, 0.6840096486015212], [42, 0.7873246119804473], [43, 0.6989059328776531], [44, 0.6498589601865045], [45, 0.7554061727914408], [46, 0.737280335105367], [47, 0.7515268261810865], [48, 0.7384174923100439], [49, 0.7374812811987164], [50, 0.7145563887098767]], "round": [[1, 1], [2, 2], [3, 3], [4, 4], [5, 5], [6, 6], [7, 7], [8, 8], [9, 9], [10, 10], [11, 11], [12, 12], [13, 13], [14, 14], [15, 15], [16, 16], [17, 17], [18, 18], [19, 19], [20, 20], [21, 21], [22, 22], [23, 23], [24, 24], [25, 25], [26, 26], [27, 27], [28, 28], [29, 29], [30, 30], [31, 31], [32, 32], [33, 33], [34, 34], [35, 35], [36, 36], [37, 37], [38, 38], [39, 39], [40, 40], [41, 41], [42, 42], [43, 43], [44, 44], [45, 45], [46, 46], [47, 47], [48, 48], [49, 49], [50, 50]]}}