{"losses_distributed": [[1, 2.1575892759364597], [2, 1.9597006398201544], [3, 1.76126677248266], [4, 1.5907152805250506], [5, 1.528507043567884], [6, 1.4404291005012622], [7, 1.3602794873995512], [8, 1.2599645400955053], [9, 1.2510875814072064], [10, 1.2595379504821385], [11, 1.153577278248918], [12, 1.2166215052835487], [13, 1.1921950496257092], [14, 1.1986035394994337], [15, 1.0462768238593685], [16, 1.209976153344718], [17, 1.1973608002745686], [18, 1.0491442653642817], [19, 1.115723496609446], [20, 1.1245106358801455], [21, 1.2456045677828151], [22, 1.1014085990492923], [23, 1.0785165472814444], [24, 1.1086002931360064], [25, 1.0540841038521256], [26, 1.0748131133204428], [27, 1.0971951298760163], [28, 0.960453266964588], [29, 1.1957864702259373], [30, 1.0724625806157753], [31, 1.0115575923638016], [32, 1.2261062629379988], [33, 1.0116624098702847], [34, 1.0825947348419789], [35, 1.073383594859315], [36, 1.2397306957096297], [37, 1.099901942941414], [38, 1.0104828202445377], [39, 1.3515267267650657], [40, 0.9887836840036938], [41, 1.1676731236445987], [42, 1.1171667941369623], [43, 1.0198018349409799], [44, 1.1441015344276673], [45, 1.0186301698428855], [46, 1.1625863312433473], [47, 0.9933243898126589], [48, 1.1576575367915316], [49, 1.0934851494102014], [50, 1.1013067741498523]], "metrics_distributed_fit": {"accuracy": [[1, 0.3983993805485445], [2, 0.5701430360212895], [3, 0.6534887700523819], [4, 0.6993127212010984], [5, 0.7302057795772626], [6, 0.7547603797477415], [7, 0.77416230209131], [8, 0.7885679668526039], [9, 0.8000672023289068], [10, 0.8081580452698658], [11, 0.8169906572027561], [12, 0.8258397468253372], [13, 0.8322903999382307], [14, 0.8370434388958066], [15, 0.8417588895649779], [16, 0.8452220525742362], [17, 0.8500177329597006], [18, 0.8535906804349157], [19, 0.8555197745133567], [20, 0.8572960883846978], [21, 0.8601178954573612], [22, 0.8627029505545138], [23, 0.8685112321130475], [24, 0.8691362784274863], [25, 0.8721015060098332], [26, 0.8712853264109354], [27, 0.8760096568641152], [28, 0.8770886450035746], [29, 0.8800072866398676], [30, 0.8819667913167134], [31, 0.8838419773044477], [32, 0.8840753275811781], [33, 0.885864775509698], [34, 0.8866403467700726], [35, 0.8894377781853391], [36, 0.8894141002008389], [37, 0.8893948267365246], [38, 0.8926759288646016], [39, 0.8943010730803602], [40, 0.8963995941400652], [41, 0.8983016403163637], [42, 0.8971102143560504], [43, 0.8968972210355016], [44, 0.8985482534638816], [45, 0.8988416620619365], [46, 0.9007842931926294], [47, 0.9033968046793255], [48, 0.9051305781280143], [49, 0.9060869991750252], [50, 0.9056785395815694]], "loss": [[1, 1.7781499105075906], [2, 1.2642579440194983], [3, 1.0022175708949956], [4, 0.8639734694369933], [5, 0.7755775479534435], [6, 0.7116683589735148], [7, 0.6580038678450465], [8, 0.6176754924311633], [9, 0.587478599125817], [10, 0.560188350764879], [11, 0.5359220112916686], [12, 0.5119337387983189], [13, 0.49615350290552873], [14, 0.48101919468118604], [15, 0.46602124717741306], [16, 0.45744468707312497], [17, 0.4430559846179271], [18, 0.43183725542164864], [19, 0.4245609616929059], [20, 0.41509426390816523], [21, 0.41090945866480605], [22, 0.4032987482257395], [23, 0.3913081051869409], [24, 0.38364483174392766], [25, 0.37944454923935184], [26, 0.37848642278336525], [27, 0.36835205425090545], [28, 0.36303024958565744], [29, 0.35429935421209635], [30, 0.3516616608166933], [31, 0.34519136672349704], [32, 0.3428574688953435], [33, 0.33767762010386443], [34, 0.3334245067076509], [35, 0.32775878627734223], [36, 0.3294065184167579], [37, 0.3230189413889825], [38, 0.317030402563342], [39, 0.313561966533659], [40, 0.30849791796293097], [41, 0.30381761541876473], [42, 0.3027458003729918], [43, 0.30045418511386063], [44, 0.2981529216594147], [45, 0.2950672304846954], [46, 0.2914280272922545], [47, 0.28517796856057964], [48, 0.2820945067528336], [49, 0.2821068025815027], [50, 0.27806663793806075]], "round": [[1, 1], [2, 2], [3, 3], [4, 4], [5, 5], [6, 6], [7, 7], [8, 8], [9, 9], [10, 10], [11, 11], [12, 12], [13, 13], [14, 14], [15, 15], [16, 16], [17, 17], [18, 18], [19, 19], [20, 20], [21, 21], [22, 22], [23, 23], [24, 24], [25, 25], [26, 26], [27, 27], [28, 28], [29, 29], [30, 30], [31, 31], [32, 32], [33, 33], [34, 34], [35, 35], [36, 36], [37, 37], [38, 38], [39, 39], [40, 40], [41, 41], [42, 42], [43, 43], [44, 44], [45, 45], [46, 46], [47, 47], [48, 48], [49, 49], [50, 50]]}, "metrics_distributed": {"accuracy": [[1, 0.2056372064045972], [2, 0.18000487832807913], [3, 0.2229393543256774], [4, 0.2876288449573251], [5, 0.3041535664066488], [6, 0.38648184767433147], [7, 0.4154498410265033], [8, 0.467591280270885], [9, 0.4627774540687623], [10, 0.4109226671328729], [11, 0.5183266983511526], [12, 0.4518587375066219], [13, 0.4640902781860519], [14, 0.4461506775632838], [15, 0.5788718605845621], [16, 0.4161562878129608], [17, 0.42957561155877444], [18, 0.5394104816457305], [19, 0.4979748702043148], [20, 0.48553216821106304], [21, 0.3935147104947574], [22, 0.4889370039908223], [23, 0.5005111782737736], [24, 0.48565135808465865], [25, 0.507233098012623], [26, 0.5140349342476621], [27, 0.4888637408651052], [28, 0.5811847032825506], [29, 0.4321482528674313], [30, 0.491477458444357], [31, 0.5418968888047707], [32, 0.42783861621537245], [33, 0.5396309097368166], [34, 0.48623109898644545], [35, 0.49582782879240533], [36, 0.42578677318844677], [37, 0.496677270756315], [38, 0.53827672363992], [39, 0.3751937584086832], [40, 0.5669779495828012], [41, 0.4211650030523968], [42, 0.4993359053036208], [43, 0.5505316752649609], [44, 0.47605822792065966], [45, 0.538692765607626], [46, 0.4656645001985217], [47, 0.5517974356173061], [48, 0.4752448303534259], [49, 0.5318066179673191], [50, 0.49489365984941774]], "round": [[1, 1], [2, 2], [3, 3], [4, 4], [5, 5], [6, 6], [7, 7], [8, 8], [9, 9], [10, 10], [11, 11], [12, 12], [13, 13], [14, 14], [15, 15], [16, 16], [17, 17], [18, 18], [19, 19], [20, 20], [21, 21], [22, 22], [23, 23], [24, 24], [25, 25], [26, 26], [27, 27], [28, 28], [29, 29], [30, 30], [31, 31], [32, 32], [33, 33], [34, 34], [35, 35], [36, 36], [37, 37], [38, 38], [39, 39], [40, 40], [41, 41], [42, 42], [43, 43], [44, 44], [45, 45], [46, 46], [47, 47], [48, 48], [49, 49], [50, 50]]}}