{"losses_distributed": [[1, 158.3752625533802], [2, 1934.88626752817], [3, 91454.51090677851], [4, 5034956.803809464], [5, 1782207113717.1226], [6, NaN], [7, NaN], [8, NaN], [9, NaN], [10, NaN], [11, NaN], [12, NaN], [13, NaN], [14, NaN], [15, NaN], [16, NaN], [17, NaN], [18, NaN], [19, NaN], [20, NaN], [21, NaN], [22, NaN], [23, NaN], [24, NaN], [25, NaN], [26, NaN], [27, NaN], [28, NaN], [29, NaN], [30, NaN], [31, NaN], [32, NaN], [33, NaN], [34, NaN], [35, NaN], [36, NaN], [37, NaN], [38, NaN], [39, NaN], [40, NaN], [41, NaN], [42, NaN], [43, NaN], [44, NaN], [45, NaN], [46, NaN], [47, NaN], [48, NaN], [49, NaN], [50, NaN]], "metrics_distributed_fit": {"accuracy": [[1, 0.3990150893903309], [2, 0.5298423090081107], [3, 0.27837158733871836], [4, 0.1061080751935839], [5, 0.10481935650032684], [6, 0.10199474132457602], [7, 0.10189933436695715], [8, 0.10200262955986887], [9, 0.10200262955986887], [10, 0.10200262955986887], [11, 0.10200262955986886], [12, 0.10200262955986887], [13, 0.10200262955986887], [14, 0.10200262955986887], [15, 0.10200262955986887], [16, 0.10200262955986887], [17, 0.10200262955986886], [18, 0.10200262955986887], [19, 0.10200262955986887], [20, 0.10200262955986887], [21, 0.10200262955986887], [22, 0.10200262955986887], [23, 0.10200262955986887], [24, 0.10200262955986887], [25, 0.10200262955986887], [26, 0.10200262955986887], [27, 0.10200262955986886], [28, 0.10200262955986887], [29, 0.10200262955986887], [30, 0.10200262955986887], [31, 0.10200262955986887], [32, 0.10200262955986887], [33, 0.10200262955986887], [34, 0.10200262955986887], [35, 0.10200262955986887], [36, 0.10200262955986887], [37, 0.10200262955986887], [38, 0.10200262955986887], [39, 0.10200262955986886], [40, 0.10200262955986887], [41, 0.10200262955986886], [42, 0.10200262955986887], [43, 0.10200262955986887], [44, 0.10200262955986887], [45, 0.10200262955986886], [46, 0.10200262955986887], [47, 0.10200262955986887], [48, 0.10200262955986887], [49, 0.10200262955986887], [50, 0.10200262955986887]], "loss": [[1, 1.7780402638657027], [2, 1.3612910968347154], [3, 10.083588682448061], [4, 418.1814759124401], [5, 26332.628672590497], [6, 4.884642318438295e+16], [7, NaN], [8, NaN], [9, NaN], [10, NaN], [11, NaN], [12, NaN], [13, NaN], [14, NaN], [15, NaN], [16, NaN], [17, NaN], [18, NaN], [19, NaN], [20, NaN], [21, NaN], [22, NaN], [23, NaN], [24, NaN], [25, NaN], [26, NaN], [27, NaN], [28, NaN], [29, NaN], [30, NaN], [31, NaN], [32, NaN], [33, NaN], [34, NaN], [35, NaN], [36, NaN], [37, NaN], [38, NaN], [39, NaN], [40, NaN], [41, NaN], [42, NaN], [43, NaN], [44, NaN], [45, NaN], [46, NaN], [47, NaN], [48, NaN], [49, NaN], [50, NaN]], "round": [[1, 1], [2, 2], [3, 3], [4, 4], [5, 5], [6, 6], [7, 7], [8, 8], [9, 9], [10, 10], [11, 11], [12, 12], [13, 13], [14, 14], [15, 15], [16, 16], [17, 17], [18, 18], [19, 19], [20, 20], [21, 21], [22, 22], [23, 23], [24, 24], [25, 25], [26, 26], [27, 27], [28, 28], [29, 29], [30, 30], [31, 31], [32, 32], [33, 33], [34, 34], [35, 35], [36, 36], [37, 37], [38, 38], [39, 39], [40, 40], [41, 41], [42, 42], [43, 43], [44, 44], [45, 45], [46, 46], [47, 47], [48, 48], [49, 49], [50, 50]]}, "metrics_distributed": {"accuracy": [[1, 0.07810488033895095], [2, 0.3324160997886839], [3, 0.1002076332556261], [4, 0.10020763325562607], [5, 0.10020763325562607], [6, 0.10020763325562607], [7, 0.09920408871094151], [8, 0.09920408871094151], [9, 0.09920408871094151], [10, 0.09920408871094152], [11, 0.09920408871094151], [12, 0.09920408871094151], [13, 0.09920408871094152], [14, 0.0992040887109415], [15, 0.09920408871094151], [16, 0.0992040887109415], [17, 0.0992040887109415], [18, 0.0992040887109415], [19, 0.09920408871094151], [20, 0.09920408871094151], [21, 0.0992040887109415], [22, 0.09920408871094152], [23, 0.09920408871094151], [24, 0.09920408871094151], [25, 0.09920408871094151], [26, 0.09920408871094151], [27, 0.09920408871094151], [28, 0.09920408871094151], [29, 0.0992040887109415], [30, 0.09920408871094152], [31, 0.09920408871094152], [32, 0.09920408871094151], [33, 0.09920408871094151], [34, 0.09920408871094151], [35, 0.09920408871094151], [36, 0.09920408871094151], [37, 0.09920408871094151], [38, 0.09920408871094151], [39, 0.09920408871094151], [40, 0.09920408871094151], [41, 0.09920408871094151], [42, 0.09920408871094151], [43, 0.0992040887109415], [44, 0.09920408871094151], [45, 0.09920408871094152], [46, 0.09920408871094151], [47, 0.09920408871094151], [48, 0.09920408871094152], [49, 0.09920408871094151], [50, 0.09920408871094151]], "round": [[1, 1], [2, 2], [3, 3], [4, 4], [5, 5], [6, 6], [7, 7], [8, 8], [9, 9], [10, 10], [11, 11], [12, 12], [13, 13], [14, 14], [15, 15], [16, 16], [17, 17], [18, 18], [19, 19], [20, 20], [21, 21], [22, 22], [23, 23], [24, 24], [25, 25], [26, 26], [27, 27], [28, 28], [29, 29], [30, 30], [31, 31], [32, 32], [33, 33], [34, 34], [35, 35], [36, 36], [37, 37], [38, 38], [39, 39], [40, 40], [41, 41], [42, 42], [43, 43], [44, 44], [45, 45], [46, 46], [47, 47], [48, 48], [49, 49], [50, 50]]}}